feature,mean_importance
Race,-0.00031846018320347833
Gender,-0.00018116684977986658
Ethnicity,-1.0838505721921104e-05
Payment Typology 1,9.323156717649939e-06
Facility Name,2.7302504547738195e-05
CCS Procedure Description,4.507007612636616e-05
Patient Disposition,5.1746360647188236e-05
Abortion Edit Indicator,0.00014138854172846617
Payment Typology 2,0.00014920599183070314
CCS Diagnosis Description,0.00016977215120205711
Zip Code - 3 digits,0.0001826280795988816
APR Severity of Illness Description,0.0002258176832396895
CCS Procedure Code,0.0003232706616541216
Payment Typology 3,0.0003339152788360986
Age Group,0.00038804152631081236
APR Severity of Illness Code,0.00039791280207359737
Health Service Area,0.00040189691210812536
Type of Admission,0.0004124619548667184
Facility Id,0.00044609645643384763
APR DRG Description,0.0004606801479618616
Operating Certificate Number,0.00047497627905287234
Hospital County,0.0006076189654379317
APR Risk of Mortality,0.0006667407810394106
CCS Diagnosis Code,0.0007849323775567893
APR MDC Description,0.0008716801240349195
APR DRG Code,0.0013811057559378899
APR MDC Code,0.0019496535344395223
Emergency Department Indicator,0.001974871496767952
Birth Weight,0.0033238821156101593
Length of Stay,0.006045933699191457
APR Medical Surgical Description,0.012001879473982149
Total Costs,1.7891466631280806
