feature,shap_importance
Emergency Department Indicator,0.7039354136423428
Birth Weight,0.1929192682805547
APR Medical Surgical Description,0.12242438187573912
APR MDC Description,0.080852630451583
CCS Diagnosis Code,0.04986112624013682
CCS Diagnosis Description,0.022529297366546734
Age Group,0.015335731598908813
CCS Procedure Code,0.012594341341236845
Facility Id,0.009517338643895402
APR DRG Description,0.005518400743436168
APR MDC Code,0.0021374240707655143
Operating Certificate Number,0.0013376366835956065
Total Charges,0.001234587974900898
APR DRG Code,0.0010611953672066531
Total Costs,0.0007847987131348782
Zip Code - 3 digits,0.0005710571794869017
Hospital County,0.0004070795507813733
CCS Procedure Description,0.00011224398541881091
Ethnicity,6.688423892906998e-05
Facility Name,5.703947920429301e-05
Payment Typology 1,1.317443585989236e-05
Payment Typology 3,2.67929349294957e-06
Length of Stay,2.011317632775795e-06
Abortion Edit Indicator,0.0
Gender,0.0
Race,0.0
Payment Typology 2,0.0
APR Risk of Mortality,0.0
APR Severity of Illness Description,0.0
APR Severity of Illness Code,0.0
Patient Disposition,0.0
Health Service Area,0.0
