feature,mean_importance
Payment Typology 3,-2.6344322795135434e-06
Payment Typology 1,-2.2270242364674786e-06
Health Service Area,1.1102230246251566e-17
Payment Typology 2,2.2204460492503132e-17
Gender,2.2204460492503132e-17
Race,2.2204460492503132e-17
Patient Disposition,2.2204460492503132e-17
APR Severity of Illness Description,3.3306690738754695e-17
APR Risk of Mortality,4.4408920985006264e-17
APR Severity of Illness Code,4.4408920985006264e-17
Abortion Edit Indicator,5.551115123125783e-17
Length of Stay,7.375238304629939e-07
Ethnicity,2.2977914583988123e-05
Facility Name,3.2045907035538335e-05
Hospital County,4.734423912122754e-05
APR DRG Code,9.291666298507639e-05
CCS Procedure Description,9.8531649341016e-05
Total Charges,0.00022973344246555172
Zip Code - 3 digits,0.00031324899336537815
Total Costs,0.0005321540982055839
Operating Certificate Number,0.0006623492067907799
APR MDC Code,0.000811197460711488
APR DRG Description,0.001458717367446971
CCS Procedure Code,0.004231175362225037
Age Group,0.005885594570104291
Facility Id,0.006765111506912125
CCS Diagnosis Description,0.02683538016637511
APR MDC Description,0.05325207307408068
APR Medical Surgical Description,0.07409521963090182
CCS Diagnosis Code,0.07883923902592525
Birth Weight,0.3130118469459774
Emergency Department Indicator,0.8647168672893282
