feature,shap_importance
Emergency Department Indicator,5.3092685
Birth Weight,3.02679
Facility Id,1.7046769
CCS Diagnosis Code,1.6711303
CCS Diagnosis Description,1.6419414
Facility Name,1.2706773
APR MDC Description,1.0294844
Operating Certificate Number,1.0277853
CCS Procedure Description,0.9624822
Length of Stay,0.943505
Zip Code - 3 digits,0.8710369
Total Costs,0.8556093
Total Charges,0.851983
APR Medical Surgical Description,0.78635484
APR DRG Code,0.68036306
CCS Procedure Code,0.666543
Hospital County,0.656642
APR DRG Description,0.55380225
Age Group,0.4717
Patient Disposition,0.32176575
APR MDC Code,0.31036818
APR Risk of Mortality,0.28923106
Gender,0.28191754
APR Severity of Illness Code,0.26596773
Payment Typology 1,0.26404187
Payment Typology 2,0.25156662
Health Service Area,0.22612998
Race,0.17302315
Ethnicity,0.17000908
APR Severity of Illness Description,0.16250664
Payment Typology 3,0.07163775
Abortion Edit Indicator,0.0012288103
