feature,mean_importance
APR Severity of Illness Description,-7.890533345021878e-05
Abortion Edit Indicator,-4.671619781433378e-05
Payment Typology 3,0.00013920812621462942
Gender,0.0001691391385231944
Length of Stay,0.0004250666189878849
Payment Typology 1,0.0005231465310042094
APR DRG Description,0.0006505640945685509
Race,0.0011537385362186902
APR Risk of Mortality,0.001464265943596782
Payment Typology 2,0.0017600388564799284
APR MDC Code,0.001775569645204944
APR Severity of Illness Code,0.0019539022997922596
Patient Disposition,0.002282473178820843
Ethnicity,0.0023934303605625982
Health Service Area,0.00293273815142881
Age Group,0.0037639171541895946
APR DRG Code,0.004887149997796225
CCS Diagnosis Description,0.0061727624293547
Total Costs,0.006463645818888214
CCS Procedure Description,0.006708873858240377
Total Charges,0.008126252436460596
CCS Procedure Code,0.00820356901832181
Hospital County,0.009559716370968164
Zip Code - 3 digits,0.010947671357337912
Facility Id,0.03975487573978592
Operating Certificate Number,0.04173525230297696
CCS Diagnosis Code,0.04498007304200211
Facility Name,0.04694428546363978
APR Medical Surgical Description,0.053894258853740676
APR MDC Description,0.05947068197123403
Birth Weight,0.44298152489102777
Emergency Department Indicator,0.790723584693863
