feature,shap_importance
Total Costs,0.7320064524005877
Birth Weight,0.029922295608490083
APR Medical Surgical Description,0.003955534817763225
APR Severity of Illness Code,0.003816030416223318
Length of Stay,0.0027453912220737025
APR Severity of Illness Description,0.0021261411324427185
APR DRG Code,0.0004095913633855924
Age Group,0.0003482984199216311
APR MDC Description,0.00033064514743115053
Patient Disposition,0.0001774910035375236
Operating Certificate Number,0.00016730646592474297
Emergency Department Indicator,0.00013121951523502009
APR DRG Description,0.0001014284499222576
APR MDC Code,9.857864955007393e-05
APR Risk of Mortality,4.516563673153036e-05
Zip Code - 3 digits,1.5214827357241173e-05
Abortion Edit Indicator,0.0
Payment Typology 3,0.0
Payment Typology 2,0.0
Payment Typology 1,0.0
Health Service Area,0.0
Hospital County,0.0
CCS Procedure Code,0.0
CCS Diagnosis Description,0.0
CCS Diagnosis Code,0.0
Type of Admission,0.0
Ethnicity,0.0
Race,0.0
Gender,0.0
Facility Name,0.0
Facility Id,0.0
CCS Procedure Description,0.0
