feature,mean_importance
APR MDC Code,-2.3813038833129726e-05
Age Group,-9.468770368576545e-07
APR MDC Description,-8.557412588674346e-07
APR Risk of Mortality,-1.2972869294775035e-08
Facility Id,-2.0816681711721684e-18
Payment Typology 2,-1.3877787807814458e-18
Ethnicity,-1.0408340855860842e-18
CCS Diagnosis Description,-1.0408340855860842e-18
Payment Typology 3,-3.4694469519536144e-19
CCS Procedure Code,0.0
Gender,0.0
Type of Admission,0.0
Hospital County,3.4694469519536144e-19
Abortion Edit Indicator,3.4694469519536144e-19
Race,3.4694469519536144e-19
Health Service Area,1.0408340855860842e-18
CCS Diagnosis Code,1.0408340855860842e-18
Facility Name,1.0408340855860842e-18
CCS Procedure Description,1.3877787807814458e-18
Payment Typology 1,1.3877787807814458e-18
Patient Disposition,2.7071635716122144e-08
Zip Code - 3 digits,8.386303495498681e-08
APR DRG Description,8.915992581272347e-07
Emergency Department Indicator,8.443898879238743e-06
Operating Certificate Number,1.4916657073662381e-05
APR DRG Code,4.113639201471196e-05
APR Medical Surgical Description,8.642590465854672e-05
Length of Stay,0.0001492695006759779
APR Severity of Illness Description,0.00038890761028234253
APR Severity of Illness Code,0.0005482975193715444
Birth Weight,0.002370564054380719
Total Costs,1.8079603655078258
