feature,shap_importance
Total Costs,0.784564
APR DRG Description,0.0016596325
Length of Stay,0.0015163693
APR DRG Code,0.0010349803
CCS Diagnosis Code,0.0009924173
Facility Name,0.00083195616
Operating Certificate Number,0.00049788895
Facility Id,0.00040581654
Birth Weight,0.00035432598
Hospital County,0.00034472902
Age Group,0.00033784725
CCS Diagnosis Description,0.00030710458
Payment Typology 1,0.00026044267
Zip Code - 3 digits,0.0002588999
APR MDC Description,0.0002422776
CCS Procedure Code,0.00022369699
APR Risk of Mortality,0.00022113725
APR MDC Code,0.00018481702
APR Medical Surgical Description,0.00016567521
Race,0.00016130236
Patient Disposition,0.00016096281
Payment Typology 2,0.0001456378
APR Severity of Illness Description,0.00014380751
Health Service Area,0.00013723245
APR Severity of Illness Code,0.00012819594
CCS Procedure Description,0.00011939701
Gender,0.00011444312
Ethnicity,8.058982e-05
Type of Admission,7.7720644e-05
Emergency Department Indicator,4.2321022e-05
Payment Typology 3,1.6778393e-05
Abortion Edit Indicator,5.8837784e-08
