feature,mean_importance
Facility Name,-0.00023263431623204886
Hospital County,-9.593733857424445e-05
Operating Certificate Number,-3.2489094241575434e-05
Ethnicity,-2.4080464062082618e-05
CCS Procedure Description,-1.3043480815958138e-05
APR Medical Surgical Description,-1.2854613971930752e-05
Health Service Area,-1.2828746611912023e-05
Gender,-6.648038023039128e-06
Patient Disposition,-6.210722478250733e-06
Emergency Department Indicator,-3.5970186123760252e-06
APR Risk of Mortality,-3.1202173595505297e-06
Abortion Edit Indicator,2.3077853864017506e-10
Race,1.2984121443206792e-06
Payment Typology 3,1.3646797001380662e-06
Payment Typology 1,2.0122935085012046e-06
Type of Admission,3.1801153869373546e-06
APR Severity of Illness Description,7.452081320950474e-06
Age Group,1.819229374911066e-05
Birth Weight,1.9967477384166994e-05
APR MDC Description,2.1222434549137208e-05
Payment Typology 2,2.7304991979890288e-05
APR MDC Code,3.659857020281536e-05
Zip Code - 3 digits,3.882022025025623e-05
CCS Diagnosis Description,6.182790895105303e-05
CCS Procedure Code,9.04914321216782e-05
Facility Id,0.00011043207874615584
APR Severity of Illness Code,0.00021368906222334218
Length of Stay,0.0003282006553079286
APR DRG Code,0.0013659091644639665
APR DRG Description,0.002083760559628219
CCS Diagnosis Code,0.0024032764919553265
Total Costs,1.948299554931933
