feature,mean_importance
Ethnicity,0.001083041378926053
Abortion Edit Indicator,0.001421919211281797
Payment Typology 1,0.0018195379933880318
Payment Typology 3,0.0019210846158271733
Payment Typology 2,0.002752020331777116
Patient Disposition,0.002932632874316621
Length of Stay,0.0035805738814029264
APR Risk of Mortality,0.003612250732557165
APR Severity of Illness Code,0.0037897865196174552
APR Severity of Illness Description,0.003917032423047318
Race,0.004403842645906442
CCS Procedure Description,0.004502005531032405
Total Costs,0.005848165921060455
APR DRG Description,0.006263691314703179
Gender,0.0065489732825877115
Age Group,0.0073667618462637365
Zip Code - 3 digits,0.009410707305903631
Health Service Area,0.010183819971933229
Facility Name,0.01067610543626275
Facility Id,0.01213405153313558
Total Charges,0.012334231105644678
APR MDC Code,0.012361630934974088
CCS Diagnosis Description,0.014304144570420207
APR DRG Code,0.019326872983962195
CCS Procedure Code,0.024037246436398076
Hospital County,0.030446094102816134
CCS Diagnosis Code,0.040502337851966976
Operating Certificate Number,0.0440962092469766
APR Medical Surgical Description,0.07634862384074581
APR MDC Description,0.13208914504020766
Birth Weight,0.5263594662610277
Emergency Department Indicator,1.2827562418495997
