feature,shap_importance
Emergency Department Indicator,0.753829674506814
Birth Weight,0.249482769590508
APR Medical Surgical Description,0.1197910647408644
APR MDC Description,0.02911049149881445
CCS Diagnosis Code,0.019641935463163666
Facility Id,0.009399034177377717
Hospital County,0.00044052686804352525
APR Severity of Illness Code,0.0
APR Severity of Illness Description,0.0
APR Risk of Mortality,0.0
Health Service Area,0.0
Payment Typology 1,0.0
APR MDC Code,0.0
Payment Typology 3,0.0
Abortion Edit Indicator,0.0
Total Charges,0.0
Payment Typology 2,0.0
APR DRG Code,0.0
APR DRG Description,0.0
CCS Procedure Description,0.0
CCS Procedure Code,0.0
CCS Diagnosis Description,0.0
Patient Disposition,0.0
Length of Stay,0.0
Ethnicity,0.0
Race,0.0
Gender,0.0
Zip Code - 3 digits,0.0
Age Group,0.0
Facility Name,0.0
Operating Certificate Number,0.0
Total Costs,0.0
